title,description,link,platform,publish_at,country,location,categories
Garden of Weeden (Original Cut) Banned on YouTube,"This is the raw, unfiltered truth about South Africa's underground weed culture that mainstream platforms couldn't handle. The Garden of Weeden isn't just a place; it's an experience—a world where laws are bent, secrets are currency, and survival means pushing boundaries every day. I went in deep, exposing every angle of the scene: the dealers, the growers, and the people who rely on this plant in ways most people can't imagine. This is not some pretty Instagram filter; it's gritty, real, and yes, it’s provocative.

You think you know what goes on behind the scenes? Watch this. Viewer discretion? Forget it—this isn't meant for the faint-hearted.",https://rumble.com/v34z6p0-garden-of-weeden-original-cut-banned-on-youtube.html,rumble,"May 27, 2023",South Africa,Cape Town,"Travel, Social Issues, Religion, Crime, Adventure"
Walking Through Cracolândia (Unblurred Full),"Cracolândia isn't just a neighborhood—it's survival on the edge. This place doesn’t follow the rules, and every step feels like stepping into a different reality. Here, addiction, poverty, and resilience collide in the harshest way. Walking these streets isn’t for the faint-hearted; it’s raw, unfiltered, and unapologetic. The people here live lives most wouldn’t dare to imagine, holding on with a strength that defies everything they face daily.

This is Brazil beyond the beaches, beyond the carnival—a place where the brutal side of life is laid bare. Viewer discretion? Forget it. This is Cracolândia, and it’s a reality check.",https://rumble.com/v34z60i-walking-through-cracolndia-unblurred-full.html,rumble,"May 27, 2023",Brazil,São Paulo ,"Danger, Crime, Adventure, Humanisation, Religion"
Cracolândia Extended Cut,"Cracolândia, up close and uncut. This isn’t the Brazil you see on postcards—it’s a world where the rules are survival, and every face tells a story of struggle. In these streets, people move through shadows, holding onto whatever they can to make it through one more day. It’s gritty, relentless, and anything but easy.

This extended cut goes deeper into the chaos and the resilience, showing a side of São Paulo most would rather ignore. Here, life is raw, real, and brutally honest. Cracolândia isn’t just a place; it’s a battleground, and every step feels like a test. This is as real as it gets.",https://rumble.com/v34t26m-cracolandia-extended-cut.html,rumble,"May 27, 2023",Brazil,São Paulo ,"Culture, Religion, Interviews, Crime, Humanisation"
Buying an African Wife (Full Negotiation),"In the heart of Africa, traditions run deep, and marriage isn’t just between two people—it’s a cultural negotiation that carries generations of history and expectation. This isn’t some modern love story; it’s a complex, high-stakes exchange where every word, every gesture holds weight. What I experienced wasn’t just a conversation—it was a glimpse into a world where respect, honor, and family are everything.

This isn’t the Africa shown in travel guides. It’s real, raw, and unapologetically traditional. Here, relationships are built on values most of the world has forgotten. This is a journey into the core of culture, where love and legacy meet.",https://rumble.com/v34z4nw-buying-an-african-wife-full-negotiation.html,rumble,"May 28, 2023",Kenya,Nairobi,"Adventure, Social Issues, Documentary, Travel, Danger"
Brazilians Try To Scam Gringo in Billiards Wager (Full Match),"In São Paulo, a pool match isn’t just a game—it’s a test of skill, pride, and hustle. This isn’t your average bar table; here, every shot has a purpose, and every move tells a story. The stakes might seem small, but for the people around this table, it’s a matter of respect and reputation.

The energy is intense, and you can feel the weight of each turn, each challenge. It’s raw competition, stripped of anything fancy, where skill is the only currency that matters. This is São Paulo’s underbelly—where games aren’t just games, and every player has something to prove.",https://rumble.com/v34secq-full-pool-match-sao-paulo.html,rumble,"May 30, 2023",Brazil,São Paulo ,"Culture, Religion, Travel, Adventure, Interviews"
8 Story Brothel in São Paulo,"Inside São Paulo’s infamous 8-story brothel, every floor is a different world. This isn’t just a building—it’s a labyrinth of secrets, survival, and stories few dare to tell. Each level has its own hustle, its own code, and for the people here, every night is a battle to make it through. This place is raw, unapologetic, and far from glamorous.

Behind closed doors, lives intersect in ways outsiders can barely imagine, driven by necessity and resilience. It’s a side of São Paulo that goes unseen, a reality most would rather ignore. This is as real as it gets—no filters, no pretenses, just survival in its purest form.",https://rumble.com/v34z300-8-story-brothel-in-so-paulo.html,rumble,"May 30, 2023",Brazil,São Paulo ,"Interviews, Religion, Danger, Documentary, Culture"
Getting Out the Friend Zone in Brazil (arabuncut EXCLUSIVE),"Getting out of the friend zone in Brazil isn’t your typical love story. Here, relationships are layered with culture, expectations, and unspoken codes. Every interaction, every look carries meaning that goes way beyond words. It’s not about charm—it’s about understanding a whole new set of rules, ones that are deep-rooted and respected.

In Brazil, love and friendship are part of a dance where timing, respect, and patience are everything. This isn’t a rom-com moment; it’s the real deal, where getting close means understanding a culture that’s intense, passionate, and unlike anything else.",https://rumble.com/v34yzwe-getting-out-the-friend-zone-in-brazil.html,rumble,"May 30, 2023",Brazil,São Paulo ,"Exploration, Humanisation, Danger, Religion, Social Issues"
Nigeria’s Black Water Slum (Full Boat Tour),"Makoko, Nigeria’s floating slum, is a world built on water, where survival isn’t just a skill—it’s a necessity. Taking a boat through these narrow canals, you see a side of life that’s raw, intense, and entirely unique. People here have adapted to an environment that defies logic, creating homes and communities on the water with resilience that’s hard to imagine.

This isn’t a scenic tour; it’s a look at life where every wave, every makeshift structure is a testament to human strength and ingenuity. Makoko doesn’t fit the mold—it breaks it, showing survival at its most real and relentless. This is Makoko, unfiltered and unforgettable.",https://rumble.com/v34swr0-full-boat-tour-arabuncut-makoko.html,rumble,"June 8, 2023",Nigeria,Makoko,"Crime, Humanisation, Social Issues, Travel, Interviews"
$3 Brothel in Nigeria Floating Slum,"In the depths of Nigeria’s floating slum, a hidden world thrives—a brothel unlike any other, built on water and surrounded by the struggle of everyday survival. This isn’t just about a place; it’s about the lives that intersect here, where resilience and hardship meet in ways few can imagine. Every interaction, every whispered deal, tells a story of survival against all odds.

The floating slum isn’t glamorous—it’s raw, gritty, and unapologetically real. This is where people adapt to challenges most would shy away from, creating a life on water that defies convention. Welcome to a side of Nigeria that reveals the strength it takes to live beyond the edge.",https://rumble.com/v34yrqm-3-brothel-in-nigeria-floating-slum.html,rumble,"June 8, 2023",Nigeria,Makoko,"Danger, Culture, Documentary, Social Issues, Religion"
"Rat Poison Smoke Sesh in Makoko, Nigeria (FULL)","Makoko, Nigeria’s floating slum, is no stranger to harsh realities, but what I witnessed here goes beyond the usual struggles. A smoke sesh with rat poison? This isn’t some twisted thrill—it’s survival on the edge. People here are pushed to extremes that outsiders can barely comprehend, finding ways to cope in an environment that offers few comforts and endless challenges.

This is life in Makoko: raw, dangerous, and anything but ordinary. It’s a world where every day is a battle, where resilience takes on a whole new meaning. This isn’t filtered or glamorized—it’s the brutal truth of life on the fringes, uncut and unapologetic.",https://rumble.com/v34yu9s-rat-poison-smoke-sesh-in-makoko-nigeria-full.html,rumble,"June 8, 2023",Nigeria,Makoko,"Documentary, Travel, Crime, Adventure, Humanisation"
Inside Vegas Underground PIMP Life (Unreleased),"Vegas has a side you won’t see under the neon lights—a world of hustle, power, and survival where the rules are anything but ordinary. This isn’t the glamorized Vegas tourists know; it’s the underground, where every move is calculated, and respect is earned, not given. The pimp life here is raw, intense, and far from Hollywood’s version of it.

Inside this world, loyalty and hustle are everything. It’s a game of control, survival, and resilience, where every interaction has stakes most people can’t imagine. This is the hidden Vegas, unfiltered and uncut, where life is lived on the edge and survival is an art form.",https://rumble.com/v34sz0a-inside-vegas-pimp-life-unreleased.html,rumble,"June 9, 2023",USA,Las Vegas,"Documentary, Travel, Interviews, Social Issues, Exploration"
Moroccans Warn Me About Dangers of Casablanca (ft. SNEAKO),"Casablanca isn’t just a city—it’s a world of contrasts, where vibrant culture meets hidden dangers. Locals here don’t sugarcoat the risks; they know the city’s secrets and live by an unspoken code of survival. Every street holds a story, and every warning comes from hard-earned experience.

This is the real Casablanca, far from the movie scenes and tourist spots. Here, trust is rare, and the lines between safety and risk blur fast. Walking these streets isn’t for the naive—it’s for those who respect the layers of a city that’s beautiful, intense, and unapologetically real.",https://rumble.com/v34s2bw-moroccans-warn-me-about-dangers-of-casablanca.html,rumble,"June 13, 2023",Morocco,Casablanca,"Social Issues, Travel, Humanisation, Exploration, Religion"
Kidnapped by Brazilian Girl to Remote Island (EXTENDED CUT),"Getting “kidnapped” by a Brazilian girl wasn’t in the plans, but in Brazil, things rarely go as expected. This wasn’t just a wild night out—it was an unexpected dive into Brazil’s intense, unpredictable vibe. Every moment was a reminder that here, life is lived with passion, spontaneity, and a hint of danger.

In Brazil, boundaries are different, and every encounter can turn into an adventure you didn’t see coming. This extended cut shows the thrill, the energy, and the raw intensity that define Brazilian culture. It’s real, it’s unfiltered, and it’s a ride you won’t forget.",https://rumble.com/v34shf6-kidnapped-by-brazilian-girl-extended-cut.html,rumble,"June 19, 2023",Brazil,Rio,"Humanisation, Interviews, Adventure, Social Issues, Documentary"
I Spent a Day with Rio Brazil’s Most Dangerous Gang (UNCENSORED EXTENDED CUT),"In the favelas, leaders aren’t born—they’re made by resilience, respect, and a lifetime of navigating one of the toughest environments on earth. This isn’t about power for show; it’s about survival, loyalty, and holding together a community that faces challenges outsiders can barely grasp. Every decision, every move is a balancing act of courage and strategy.

This extended cut goes deeper into the life of a favela leader, showing the grit, the respect, and the unbreakable spirit it takes to survive and lead in these streets. It’s raw, it’s real, and it’s a view into a world where strength means everything.",https://rumble.com/v34rz74-favela-leader-extended-cut.html,rumble,"July 3, 2023",Brazil,Rio,"Documentary, Humanisation, Culture, Danger, Social Issues"
Bribing a Cop in Morocco (EXTENDED CUT),"Casablanca isn’t just a city; it’s a maze of culture, intensity, and secrets that run deep. This extended cut dives beyond the tourist scenes into the real Casablanca, where locals live by unspoken rules and every corner has a story. It’s a place where beauty and danger coexist, where resilience is a way of life, and respect is earned in ways outsiders don’t see.

Walking these streets is a test of adaptability, a lesson in survival wrapped in the vibrant energy of Moroccan life. This is Casablanca unfiltered—a world of contrasts that’s as gritty as it is unforgettable.",https://rumble.com/v34t68u-casablanca-extended-cut.html,rumble,"July 11, 2023",Morocco,Casablanca,"Adventure, Social Issues, Crime, Culture, Documentary"
SNEAKO Simps in Marrakech (Extended Cut),"Marrakech is a city that overwhelms the senses—a chaotic blend of colors, sounds, and a rhythm that’s unlike anywhere else. This isn’t the polished version you see in guides; it’s raw and unpredictable. Walking these streets with Sneako, every turn brought a new layer of intensity, where the old world and modern hustle meet in ways that are both captivating and relentless.

In Marrakech, nothing is handed to you, and everything has a story. This extended cut goes deep into the heart of the city, capturing the energy, the grit, and the unspoken rules that define life here. Marrakech is wild, it’s real, and it demands your respect.",https://rumble.com/v34rgq4-marrakech-morocco-w-sneako-extended-cut.html,rumble,"July 19, 2023",Morocco,Marrakech,"Documentary, Social Issues, Danger, Travel, Crime"
"France, Monaco, Italy in one Day w/Amanda","Crossing France, Monaco, and Italy in a single day isn’t just a road trip—it’s a whirlwind dive through three distinct worlds, each with its own energy and intensity. With Brazilian Amanda by my side, every stop was an adventure, from the elegance of Monaco’s streets to the raw beauty of Italy’s coast. This journey wasn’t about sightseeing; it was about experiencing the heartbeat of each place in real time.

In just one day, we saw the contrasts, the culture, and the unfiltered charm of Europe. This is the kind of trip that hits fast and leaves an impact—three countries, one day, and a whole lot of unforgettable moments.",https://rumble.com/v38s06m-visiting-france-monaco-italy-in-one-day-with-brazilian-amanda.html,rumble,"August 18, 2023",Monaco,-,"Danger, Documentary, Humanisation, Culture, Adventure"
ISIS Military Base on the Syrian Border,"At the Syrian-Lebanese border, lies an abandoned ISIS military base—a stark reminder of a past conflict that’s still etched into the landscape. Walking through this desolate ground, you can feel the weight of what happened here, a place once filled with the chaos of war. It’s eerie, raw, and a harsh look into the remnants of a fight that shaped the region.

This isn’t just a place; it’s a ghost of a dark time, left scarred by the intensity of battles fought and lives changed. The silence here speaks volumes, capturing the tension, the history, and the reality of a world that has seen too much.",https://rumble.com/v3f56af-isis-military-base-in-syrialebanese-border.html,rumble,"September 5, 2023",Lebanon,Aarsal,"Religion, Adventure, Danger, Documentary, Interviews"
Underground Railroad Tunnels of Mumbai,"In this chaotic intersection in India, the beeping of horns is constant, to the point where you stop hearing it. There's no respect for traffic signals—red and green lights mean nothing, and it's every person for themselves. The noise pollution is overwhelming, far worse than New York City, and you just get used to it. The intersection itself is a free-for-all, with people and motorbikes crossing in all directions, oblivious to the chaos. This is a glimpse into the unpredictable, raw energy of everyday life in India.",https://www.youtube.com/watch?v=GZG2Tbf9LOY,youtube,"October 12, 2023",India,Mumbai,"Adventure, Exploration, Danger, Social Issues, Crime"
Dealer Offers Me Indian Meth (Extended Cut),"Exploring India’s streets at 6:00 a.m., the quiet is deceptive. As the day progresses, the honking never stops, and the chaos is real. From cows walking down highways to tuk-tuk drivers sleeping in their vehicles, India is a place of contrasts. In Bandra, a high-class area, the streets are dirty, but there's a unique sense of life. People are everywhere—eating, working, or simply living on the streets. I’m navigating this maze of traffic, stray dogs, and vendors, trying street food, dodging garbage, and negotiating my way through a land of constant movement and noise. India is intense—beautiful, dirty, chaotic, and incredibly alive.",https://www.youtube.com/watch?v=tCXaHKTxceg,youtube,"October 12, 2023",India,Mumbai,"Humanisation, Travel, Documentary, Exploration, Danger"
Brazilian Tarzan Snorts Ancient Amazonian Powder,"In São Paulo, Brazil, I’m heading to meet a jungle master who will guide me into the Amazon rainforest. After connecting with him through a friend, I arrive at his home, greeted by a traditional atmosphere filled with skulls and spiritual artifacts. We're preparing for a journey into the jungle where I'll be fully immersed in a world of nature, survival, and ancient wisdom. This trip promises to challenge me physically and mentally, pushing me into the heart of the wild, far from the comforts of the city. Let's dive into the unknown and explore this land with the guidance of someone who truly understands its depths.",https://www.youtube.com/watch?v=l3JfIhJTs6w,youtube,"October 12, 2023",Brazil,São Paulo ,"Danger, Crime, Travel, Adventure, Exploration"
Sliced in the Slums of Mumbai,"This video provides a unique glimpse into life in the slums of Mumbai, India, as the host gets a beard trim from a local barber. While the trim is happening, they discuss everything from the local hustle to the impact of methamphetamine in the area. The barber shares his experiences and dreams of owning his own shop while navigating the challenges of living in a crowded, vibrant city filled with contrasts. From the small-scale transactions in the slums to the corruption and hustle of Mumbai, this clip gives insight into the determination and resilience of people trying to make a living in tough conditions.",https://www.youtube.com/watch?v=N2kP5NiAUWQ,youtube,"October 13, 2023",India,Mumbai,"Humanisation, Exploration, Travel, Religion, Danger"
"Slave labor leather factories of Dharavi, India","In the slums of Mumbai, the narrator explores leather factories where workers cut leather by hand, earning about $5 a day for 8-10 hours of work. The factories, operating in harsh conditions, recycle plastic and leather into products for local markets. Despite the grueling work, there's no time for complaining; survival is prioritized. The video emphasizes the resilience of people working in dire conditions and reflects on the contrast between their hard lives and viewers' more comfortable realities, urging appreciation for what one has.",https://www.youtube.com/watch?v=ycfRHHjjuoM,youtube,"October 16, 2023",India,Mumbai,"Social Issues, Interviews, Travel, Adventure, Documentary"
"The Rat Poison Slum of Andheridongar, India","The streets of Mumbai reveal a raw reality, where life is lived in the open, with people working, playing, and surviving on every corner. The host and his guide, Shadik, navigate through local slums, encountering everything from street vendors to kids with big dreams. They talk about the impact of drugs, gang violence, and the resilience of people facing harsh conditions. The experience offers a glimpse into daily life, exploring topics like dating, family, and the hustle that keeps these communities going despite everything.",https://www.youtube.com/watch?v=tk2k5pbTy3A,youtube,"October 16, 2023",India,Mumbai,"Religion, Culture, Social Issues, Travel, Interviews"
"The Trash People of Dharavi, India","In the heart of the bustling streets, the host navigates through Mumbai's slums, showcasing the raw realities of life in these communities. They explore the local markets, recycling businesses, and plastic factories where workers earn a mere $5 a day, dealing with hospital waste and harsh conditions. Amidst the filth and poverty, there's a spirit of resilience, but also a looming danger from the drug trade and gangs. As the sun sets, the host reflects on the disparity between the life they're filming and the comfort many take for granted, emphasizing the harsh truths of daily survival in the slums.",https://www.youtube.com/watch?v=ASV2Y43onFY,youtube,"October 17, 2023",India,Dharavi,"Culture, Danger, Religion, Exploration, Social Issues"
the Indian Meth Addicts Who live Under a Pipe,"Ever wonder what life is like for the people society tends to forget? I found myself face-to-face with a community of meth addicts living under a pipe, and their stories are as raw as it gets. This isn’t your typical documentary—no filters, no scripts, just a reality check on how brutal life can turn when you’re on the edge. These people, fighting demons most of us can’t even imagine, gave me a glimpse into a life that most look away from. It’s gritty, uncomfortable, and absolutely real. Brace yourselves—this one’s going to stick with you.",https://rumble.com/v3q6gld-meth-addicts-who-live-under-a-pipe.html,rumble,"October 18, 2023",India,Dharavi,"Exploration, Danger, Interviews, Travel, Humanisation"
"Dharavi, World’s Largest Slum [Extended Cut]","Step inside the world’s largest slum—the place where survival takes on a whole new meaning. This isn’t just a look at poverty; it’s an up-close dive into a life that pushes the limits of human endurance. The people here are tough, adapting to conditions you wouldn’t believe. It’s chaotic, it’s intense, and it’s filled with stories of resilience that you won’t find anywhere else. I spent time on the ground, capturing the raw truth and seeing firsthand what it’s like when the odds are stacked against you. Get ready for a journey you won’t forget.",https://rumble.com/v3q6n4m-worlds-largest-slum-extended-cut.html,rumble,"October 18, 2023",India,Dharavi,"Danger, Social Issues, Culture, Religion, Crime"
Indian Beggars Follow Me Around for 15 Minutes,"Imagine walking through the streets of India and having a crowd of beggars follow you nonstop for 15 minutes. This isn’t a scene you’d see every day—it’s real life, unfiltered. The desperation in their eyes and the persistence in their steps show a harsh reality that’s hard to ignore. It’s raw, it’s chaotic, and it gives a glimpse into what poverty really looks like here. This experience pushed me to confront the tough questions about humanity and survival. Watch as we navigate through moments that are intense, eye-opening, and unforgettable.",https://rumble.com/v3qchlw-indian-beggars-follow-me-around-for-15-minutes.html,rumble,"October 19, 2023",India,Mumbai,"Travel, Danger, Crime, Adventure, Documentary"
Arab Gets Comfortable with the Transgender Spirits of Hinduism [EXTENDED CUT],"Venturing into one of India’s hidden subcultures, I found myself face-to-face with the underground world of trans pimps. This isn’t a side of society many talk about—it's raw, taboo, and incredibly complex. In Part 1 of this series, I uncover the real stories behind the faces, the struggles, and the gritty reality of an existence that defies every norm. The people here live by their own rules in a world most of us couldn’t imagine. Prepare for an unfiltered dive into a world that challenges everything you thought you knew.",https://rumble.com/v3rc35b-trans-pimps-of-india-part-1.html,rumble,"October 24, 2023",India,Mumbai,"Social Issues, Religion, Interviews, Crime, Adventure"
Arab Establishes Dominance 1v4 [FULL PERFORMANCE],"In the bustling streets of Mumbai, I found myself in the heart of a vibrant yet gritty community of transgenders, where survival is a constant hustle. This isn’t just another story—it’s an unfiltered look at a world that few dare to explore. I stepped into their space, got real, and faced the raw truth of their daily battles. It’s a culture that mixes resilience with intensity, where respect is earned, and every interaction has weight. This experience took me way beyond the surface, showing a side of Mumbai that few get to see up close.",https://rumble.com/v3rcsbp-transgenders-of-mumbai-get-dominated-by-arab.html,rumble,"October 24, 2023",India,Mumbai,"Travel, Culture, Crime, Interviews, Social Issues"
Arab Becomes a REAL HINDU on Accident,"I took a dive into the unknown, capturing raw moments that unfolded on October 24, 2023. This was a day filled with unfiltered encounters and intense interactions, where reality hit harder than ever. From the gritty streets to hidden corners, each place had its own story waiting to be uncovered. This isn’t just a glimpse—it’s a journey into the unexpected, where the truth of what’s out there speaks louder than anything else. Join me as I expose the raw, the real, and the unforgettable from this eye-opening day.",https://rumble.com/v3rdgc5-october-24-2023.html,rumble,"October 24, 2023",India,Mumbai,"Documentary, Humanisation, Adventure, Exploration, Interviews"
Transgenders of Hinduism Part 2 [EXTENDED CUT],"In this journey, I delve deep into the world of the Kinnar, or Hijras, a unique and ancient transgender community within Hinduism. This isn’t just about identity—it’s a complex blend of spirituality, tradition, and survival in a society that sees them both revered and marginalized. I met the people behind the label, witnessing their rituals, struggles, and resilience in a way that challenges everything you thought you knew. This is an unfiltered look at a world filled with contrasts, where culture and identity intertwine in ways most of us rarely see.",https://rumble.com/v3s07qv-trans-2-kinnarhijras-of-hinduism.html,rumble,"October 27, 2023",India,Mumbai,"Religion, Interviews, Travel, Crime, Exploration"
Underground GOAT FIGHTING Rings of India,"Deep in the heart of India’s underground, there’s a world where goat fighting reigns supreme. This isn’t just a sport—it’s a tradition packed with intensity, raw power, and rivalries that run deep. The energy here is wild, with crowds roaring as goats clash in fierce battles. This isn’t something you’d see every day; it’s a slice of India’s culture that’s raw, chaotic, and unforgettable. Get ready to witness a side of India that’s as gritty as it gets.",https://rumble.com/v3s2kqb-underground-goat-fighting-of-india.html,rumble,"October 27, 2023",India,Pune,"Crime, Culture, Religion, Exploration, Danger"
Attempting to Locate the Cannibals of Varanasi,"Varanasi after dark is something else—chaotic, mystical, and raw. The energy here doesn’t die down; if anything, it only gets more intense as night falls. From the ancient rituals by the Ganges to the narrow, bustling streets, every corner has a story, every face a secret. This isn’t just a city; it’s an experience that hits you in ways you don’t expect. Night one was just the beginning, a discovery of what makes Varanasi unlike any place on earth. Buckle up—this journey is about to get real.",https://rumble.com/v3tac30-varanasi-night-1-discovery.html,rumble,"November 2, 2023",India,Varanasi,"Exploration, Interviews, Crime, Religion, Adventure"
Arab Meets an Undercover Chinese Spy,"Meeting an undercover Chinese spy wasn’t on the agenda, but things took a turn, and here we are. This encounter goes beyond the movies—it’s real, raw, and intense in ways you can’t script. The conversation went places I didn’t expect, uncovering layers of secrecy and tension that few get to see up close. This isn’t just a casual meet-up; it’s a look into a world where deception runs deep and every word has weight. Get ready to dive into one of the wildest experiences yet, where truth and mystery collide.",https://rumble.com/v3vwt5p-arab-meets-an-undercover-chinese-spy.html,rumble,"November 15, 2023",ARE,Dubai,"Adventure, Travel, Danger, Social Issues, Culture"
Indian Slum Street Food Bonanza,"November 21, 2023—a day that took me through unexpected encounters and raw moments that don’t make the headlines. From hidden corners to bustling streets, the reality here hits different. This isn’t the kind of day you can plan for; it’s gritty, unscripted, and filled with the stories of people most of us overlook. Every interaction brought me closer to the pulse of real life, where the struggles and the hustle are laid bare. This day left a mark, capturing the essence of life in its rawest form.",https://rumble.com/v3x2x4p-november-21-2023.html,rumble,"November 22, 2023",India,Asia,"Travel, Documentary, Humanisation, Religion, Interviews"
I Spent a Day in Morocco’s Most Dangerous Hood (Removed From YouTube),"Spending a day in Morocco’s most dangerous hood isn’t something you’re prepared for. This place has its own rules, its own vibe, and it’s as raw as it gets. From the people who call these streets home to the intense, unpredictable energy around every corner, this was a day that pushed every limit. There’s no sugarcoating here—just real stories, real faces, and a side of Morocco few outsiders get to see. This isn’t just about danger; it’s about survival, respect, and resilience in one of the toughest places out there.",https://rumble.com/v37fcym-i-spent-a-day-in-moroccos-most-dangerous-hood.html,rumble,"November 24, 2023",Morocco,Sale,"Social Issues, Crime, Humanisation, Religion, Adventure"
The City that Burns Humans Alive | VARANASI,"Welcome to the city where life and death coexist in a way that’s hard to grasp—where bodies are burned in open flames and rituals unfold right in front of you. This isn’t just another city; it’s a place with traditions that are raw, intense, and unapologetically real. Watching these ceremonies is a reminder of how different life can be, where death is not hidden but embraced. This extended cut dives deep into the culture, the people, and the raw reality of a city that leaves a mark on everyone who steps into it.",https://rumble.com/v3tp6js-the-city-that-burns-humans-alive-extended-cut.html,rumble,"November 24, 2023",India,Varanasi,"Danger, Crime, Adventure, Travel, Documentary"
Arab Meets Timmy Karter in Mexico,"December 2, 2023—another day in the depths of reality that most people avoid. From gritty street encounters to unfiltered moments that test your comfort zone, this wasn’t your average day. It’s real, it’s intense, and it’s filled with stories from people who live life on the edge every single day. This is where survival isn’t just a concept; it’s a lifestyle. Every face, every interaction is a reminder of how raw the world can be. This one’s going to stick with you.",https://rumble.com/v3zaqcb-december-2-2023.html,rumble,"December 3, 2023",Mexico,Mexico City,"Danger, Interviews, Documentary, Social Issues, Crime"
Day 1 of Living with the Cartel [Approval Process/Refugee Camps/Death],"Diving into the dark underbelly of the internet, Episode 1 takes you straight into the world of cartel websites—a place where crime and technology collide in ways you wouldn’t believe. This isn’t just a story; it’s a firsthand look at the hidden operations, the coded language, and the ruthless reality behind the screen. From drug deals to organized crime, this episode peels back the layers on a world that operates in the shadows. Get ready to see how the cartel adapts to the digital age, where secrecy and danger are only a click away.",https://rumble.com/v41budv-cartel-website-episode-1-v3.html,rumble,"December 14, 2023",Mexico,Mexico City,"Adventure, Interviews, Exploration, Travel, Danger"
Day 2 of Living with the Cartel [Illegal Pharmacies/Moonshine/Barber],"Episode 2 takes you deeper into the digital world of the cartel, where each click and code hides something darker. This isn’t just any website; it’s a network built to evade, operate, and survive under the radar. We’re talking encrypted deals, hidden identities, and a ruthless game where trust doesn’t exist. From the tech they use to the tactics they rely on, this episode reveals the lengths cartels go to keep their operations alive online. Brace yourself—this is the underworld of the internet, raw and unfiltered.",https://rumble.com/v42imb5-cartel-website-episode-2-fix-v2.html,rumble,"December 17, 2023",Mexico,Mexico City,"Exploration, Humanisation, Travel, Social Issues, Interviews"
Day 2.5 of Living with the Cartel [Guns + Graffiti],"December 22, 2023—another day that threw me straight into the depths of reality. From intense encounters to stories most people turn away from, this day wasn’t just about seeing the world; it was about feeling the raw, unfiltered truth of it. Every moment was a reminder of the struggles, the grit, and the resilience of people who live life with everything on the line. This isn’t just a day; it’s a journey into a world that hits harder than any story could. Get ready for the real side of life, up close and personal.",https://rumble.com/v42tyw6-december-22-2023.html,rumble,"December 23, 2023",Mexico,Mexico City,"Adventure, Religion, Documentary, Travel, Exploration"
Day 3 of Living with the Cartel [Secret Hideout/Guns/Women],"Exploring the cartel’s hidden online world, where digital shadows conceal real dangers. This isn’t just any website—it’s a system built to keep crime thriving under the radar. Behind every encrypted message and hidden network lies a calculated move, showing the lengths cartels go to survive in the digital age. This journey takes you up close with the tech and tactics that keep them one step ahead, revealing a world where trust is scarce and stakes are life or death. Prepare to see a side of the internet most people will never know.",https://rumble.com/v436a8p-cartel-episode-3-website-cut-render.html,rumble,"December 24, 2023",Mexico,Mexico City,"Exploration, Culture, Adventure, Social Issues, Danger"
Open Drug Market in Streets of Rio,"In the streets of Rio, the open drug market is a reality that few outsiders ever witness. It’s chaotic, raw, and relentless—a place where deals happen in plain sight, and survival is the only rule that matters. Walking through these alleys, you see the harsh truth of life shaped by addiction and crime, with every corner holding stories of struggle and survival. This isn’t the Rio seen in postcards; it’s a gritty world that shows the darker side of the city, where desperation meets resilience on every street.",https://rumble.com/v34yq1y-open-drug-market-in-streets-of-rio.html,rumble,"January 13, 2024",Brazil,Rio,"Adventure, Exploration, Crime, Documentary, Humanisation"
I Kidnapped Speed in Brazil’s Favelas [Extended Cut],"Uncovering the depths of Brazil’s hidden online world, where the digital realm meets the underground. This isn’t just any website—it’s a gateway to a side of Brazil most never see, where crime, survival, and secrecy intersect. Every click reveals layers of a network that operates under the radar, showcasing the resilience and tactics used to keep things hidden from the surface. It’s a glimpse into a digital underworld that mirrors the gritty reality of life on Brazil’s toughest streets, where the stakes are high and every move counts.",https://rumble.com/v46p8p9-brazil-website-episode.html,rumble,"January 14, 2024",Brazil,Rio,"Interviews, Social Issues, Exploration, Humanisation, Crime"
Brazil but without Gangs [Extended Cut],"Santa Catarina, Brazil, without the favelas—this is a side of Brazil few get to see. A place where the beauty of the landscape and the calm of the streets mask a deeper, more complex reality. It’s Brazil, but without the chaos of the favelas, where life seems a bit more peaceful, yet still raw and real. This vlog takes you through a part of the country that’s often overlooked, offering a fresh perspective on what life is like when you step away from the usual hustle. It's not all what you expect—there’s a different kind of intensity here, one you won’t forget.",https://rumble.com/v48umau-santa-catarina-brasil-website-vlog-brazil-but-without-favelas.html,rumble,"January 24, 2024",Brazil,Santa Catarina,"Travel, Religion, Documentary, Culture, Interviews"
Scammers Attack Me in Dubai’s Illegal Markets [Part 2],"Dubai—a city known for its luxury and towering skyscrapers, but there’s a side to it that doesn’t make the brochures. Beneath the glamor lies a world of intense hustle, hidden stories, and real struggles. This journey takes you beyond the polished surface to reveal the side of Dubai that most people overlook. From gritty alleys to high-stakes encounters, it’s a raw look at a city built on ambition, where everyone’s chasing something bigger. Get ready to see Dubai stripped down to its real, unfiltered core.",https://rumble.com/v4ax572-dubai2-website-video-fix-v2.html,rumble,"January 28, 2024",ARE,Dubai,"Religion, Interviews, Culture, Adventure, Social Issues"
"Dubai’s $10,000,000 Secret Counterfeit Markets [Part 1]","Deep in the heart of Dubai, beyond the glitz and glamour, lies a $10,000,000 secret—its massive counterfeit markets. This isn’t the Dubai you see in travel ads; it’s a hidden world where knock-offs and fakes reign supreme. From luxury bags to high-end electronics, everything’s on display in these underground markets, where the stakes are high and business is booming. This journey peels back the layers on a side of Dubai built on deception and hustle, revealing a reality that’s as surprising as it is raw. Prepare to see Dubai like never before.",https://rumble.com/v3vzlvb-dubais-10000000-secret-counterfeit-markets.html,rumble,"January 28, 2024",ARE,Dubai,"Crime, Travel, Humanisation, Danger, Religion"
Day 4 of Living with the Cartel [Sicario Jungle Interview],"Inside the depths of the cartel’s online network lies a world few can imagine—a web of encrypted transactions, hidden codes, and a ruthless drive to stay undetected. This isn’t just a website; it’s a whole underground ecosystem built to fuel organized crime while dodging the spotlight. Every layer peeled back reveals calculated moves, tactics, and a commitment to secrecy that keeps this operation alive. It’s a raw, unfiltered look at the digital underworld, where danger lurks behind every click and trust is nonexistent.",https://rumble.com/v459swn-cartel-website-episode-4-v5.html,rumble,"January 29, 2024",Mexico,Jungles of Mexico,"Crime, Exploration, Adventure, Social Issues, Travel"
Inside the Most Armed City in America,"Out in the vast, rugged landscape of Texas, there’s a world of grit and raw survival that goes beyond the movies. This isn’t just any range—it’s a place where the rules are simple, but life isn’t. From wide-open spaces to the intense culture of the people who live here, every moment is filled with a fierce, unfiltered reality. It’s Texas stripped down, where resilience is a way of life, and every encounter feels larger than life. Get ready to see the Texas range in all its untamed, authentic glory.",https://rumble.com/v4c07cc-texas-range-website-trim.html,rumble,"February 8, 2024",USA,Texas,"Exploration, Religion, Travel, Social Issues, Humanisation"
Inside The Most Satanic City in America,"Los Angeles—a city where dreams and reality collide in unexpected ways. Beneath the glamour lies a raw, unfiltered side, filled with people hustling to make it, each with their own story. This journey through LA reveals a mix of ambition, struggle, and resilience that’s hard to find anywhere else. From hidden corners to bustling streets, every encounter shows a different layer of the city that rarely gets the spotlight. This is Los Angeles beyond the bright lights, where life is as real as it gets.",https://rumble.com/v4ch54t-los-angeles-date-website.html,rumble,"February 14, 2024",USA,Los Angeles,"Adventure, Exploration, Social Issues, Interviews, Travel"
SKID ROW | America’s Land of Zombies,"Welcome to Skid Row, America’s forgotten land, where the streets are lined with stories of hardship, addiction, and survival. This isn’t just a neighborhood—it’s a stark reality check, where people live on the edge, day in and day out. The scene feels like a different world, a place where society’s outcasts create a life among the chaos. Here, you see the human cost of a system that’s left so many behind. It’s raw, intense, and haunting—a look into the harsh reality of America’s “land of zombies.”",https://rumble.com/v4d1avo-skid-row-americas-land-of-zombies.html,rumble,"February 14, 2024",USA,Los Angeles,"Culture, Humanisation, Social Issues, Adventure, Crime"
The Secret Society Underneath Las Vegas,"Beneath the glitz of Las Vegas lies a hidden world—a secret underground society that most people would never believe exists. Away from the bright lights and casinos, there’s a community living in the shadows, navigating a reality shaped by survival and secrecy. This isn’t the Vegas you know; it’s a side of the city where life is raw, intense, and unforgiving. It’s a glimpse into a hidden layer of society that stays out of sight but has stories that are as real as they come. Get ready to see Vegas like never before.",https://rumble.com/v4evrzr-the-secret-underground-society-of-las-vegas.html,rumble,"February 22, 2024",USA,Los Angeles,"Interviews, Adventure, Travel, Social Issues, Documentary"
Hunting For Desert Pirates in The Sahara,"In the vast emptiness of the Sahara, a hidden threat lurks—desert pirates who roam the sands, living by their own rules. This isn’t a typical adventure; it’s a dangerous journey into one of the most unforgiving landscapes on earth, where survival skills are tested to the limit. Out here, every encounter holds risk, and the relentless heat only adds to the intensity. This is a raw look at life in the Sahara, where the lines between hunter and hunted blur, and the rules of the desert are all that matter.",https://rumble.com/v4g2wfu-hunting-for-desert-pirates-in-the-sahara.html,rumble,"February 29, 2024",Egypt,Sahara,"Crime, Culture, Documentary, Humanisation, Religion"
102 Minutes of Jamaicans Scamming Me,"This is 102 minutes of nonstop hustle, where Jamaican scammers pull out every trick in the book to get what they want. From smooth talk to high-pressure tactics, they’re relentless, showing just how skilled they are at their craft. It’s a raw look at a world where persuasion is an art, and every call is a game of cat and mouse. This isn’t just a call; it’s a deep dive into the reality of scamming, where the stakes are high, and every second counts. Get ready for an intense ride through the mind games and manipulation that fuel this underground economy.",https://rumble.com/v4i79jl-102-minutes-of-jamaicans-scamming-me.html,rumble,"March 10, 2024",Jamaica,Montego,"Social Issues, Crime, Exploration, Culture, Travel"
Arab Becomes a Jamaican Rasta,"Stepping into the vibrant world of Jamaican Rasta culture, I didn’t just observe—I became a part of it. From the rhythms of reggae to the deep-rooted philosophies of Rastafari, this experience was about more than just appearance; it was a dive into a way of life. Surrounded by the spirit of unity, peace, and strength, I embraced the energy and mindset that make the Rasta lifestyle so powerful. This isn’t just a look—it’s a transformation that shows the true essence of Jamaican culture.",https://rumble.com/v4i80i0-arab-becomes-a-jamaican-rasta.html,rumble,"March 10, 2024",Jamaica,Blue Mountains,"Religion, Crime, Humanisation, Documentary, Interviews"
Inside Jamaica’s Most Dangerous Hood – Tivoli Gardens,"In the heart of Jamaica’s most dangerous hood, life is intense, raw, and filled with stories of survival. This isn’t the Jamaica you see on postcards; it’s a side where respect is everything, and every day is a test of resilience. Walking these streets, you feel the weight of a community shaped by hardship and strength, where every face tells a story. It’s a gritty reality, far from the beaches and resorts, showing the real struggles and the spirit that keeps this neighborhood alive. Prepare to see Jamaica like never before.",https://rumble.com/v4icize-jamaicas-most-dangerous-hood.html,rumble,"March 10, 2024",Jamaica,Kingston,"Documentary, Humanisation, Exploration, Culture, Crime"
Gun to My Head in Egyptian Slums (REMOVED from YouTube),"In the unforgiving slums of Egypt, every step feels like a gamble. This isn’t the Egypt you see in travel guides—it’s a raw, intense world where survival is the only rule. With a gun to my head, I faced the harsh reality of life on the edge, where every encounter carries weight and every moment is unpredictable. This experience strips away the illusions, showing the true grit and resilience of people who live in these conditions every day. Get ready for an unfiltered look at the side of Egypt most would never dare to see.",https://rumble.com/v3ehoui-gun-to-my-head-in-egyptian-slums.html,rumble,"April 6, 2024",Egypt,Cairo,"Social Issues, Exploration, Adventure, Interviews, Travel"
I Spent 17 Days Kidnapped in Haiti [Interview w/Negotiator],"Seventeen days kidnapped in Haiti—a reality that most can’t imagine, but one that reveals the raw and terrifying side of survival. In this interview, I dive deep with the negotiator who worked to secure my release, uncovering the intense world of hostage situations, high-stakes negotiations, and life on the line. Every moment felt like a lifetime, each decision carrying unimaginable weight. This is a story of resilience, fear, and the lengths people go to in a world where trust is scarce and survival is everything.",https://rumble.com/v4oyr2k-i-spent-17-days-kidnapped-in-haiti-interview-wnegotiator.html,rumble,"April 7, 2024",Haiti,Carribean,"Exploration, Travel, Crime, Interviews, Adventure"
Shot at in São Paulo’s Most Dangerous Favela (Removed from YouTube),"In the heart of São Paulo’s most dangerous favela, survival is a daily battle, and danger is around every corner. Getting shot at here isn’t just a possibility; it’s a harsh reality that many face. This isn’t the polished view of Brazil—it’s raw, chaotic, and intense, where every moment is a test of courage. Walking these streets shows a side of São Paulo that most people wouldn’t dare to explore, where life is lived on the edge, and every day brings new challenges. Prepare to see Brazil stripped down to its grittiest form.",https://rumble.com/v34ywes-shot-at-in-so-paulos-most-dangerous-favela-removed-from-youtube.html,rumble,"April 8, 2024",Brazil,São Paulo,"Exploration, Culture, Religion, Humanisation, Danger"
I Spent 17 Days Kidnapped in Haiti [PART 1],"Seventeen days held captive in Haiti—a journey into fear, resilience, and survival in its rawest form. This isn’t just a story; it’s a firsthand account of what it feels like when every second is borrowed time. In Part 1, I share the beginning of a nightmare that pushed me to my limits, navigating the harsh reality of life in captivity. Each day was a fight to stay calm, to stay alive, and to hold onto hope in a place where hope seemed impossible. This is survival, stripped down to its most intense, unfiltered form.",https://rumble.com/v4o8yqr-i-spent-17-days-kidnapped-in-haiti-part-1.html,rumble,"April 8, 2024",Haiti,Carribean,"Danger, Culture, Religion, Travel, Documentary"
Kidnappers Scam $600K & Keep Me Hostage [PART 3],"Held hostage while my kidnappers scam $600K—a situation that’s as intense as it sounds. In Part 3, the stakes reach a breaking point, with every moment spent wondering if I’d make it out alive. This isn’t just about money; it’s a twisted game of power and fear where each decision could mean life or death. The constant pressure, the psychological warfare, and the uncertainty make every second feel like an eternity. This is a raw look at survival in the face of relentless danger and deception, where trust doesn’t exist and escape seems impossible.",https://rumble.com/v4unuv0-kidnappers-scam-600k-and-keep-me-hostage-part-3.html,rumble,"May 12, 2024",Haiti,Carribean,"Humanisation, Travel, Adventure, Social Issues, Danger"
"Arrested & Extorted for $10,000 in Haiti [PART 4] [EXTENDED]","Arrested and extorted for $10,000 in Haiti—a brutal reality check in a place where corruption runs deep. This wasn’t just a random encounter; it was a relentless experience where power and greed took control. Facing officials who bend the rules for their gain, every moment was a test of endurance, forcing me to navigate a world where justice has a price. This extended cut dives into the intensity of a system that operates in shadows, revealing the raw truth of survival in an unforgiving environment.",https://rumble.com/v4uojdx-arrested-and-extorted-for-10000-in-haiti-extended-cut.html,rumble,"May 12, 2024",Haiti,Carribean,"Interviews, Humanisation, Religion, Danger, Culture"
Cock Fights to the DEATH in DR,"In the Dominican Republic, cockfighting isn’t just a sport—it’s a fierce, deadly battle where survival is on the line. These aren’t casual matches; they’re brutal fights to the death, fueled by adrenaline and intense rivalries. The crowd roars, betting runs high, and each fight is a raw display of aggression and strategy. This isn’t the side of the DR you’ll see in travel guides; it’s a glimpse into a world where tradition, pride, and intensity collide. Prepare to witness the unfiltered reality of a culture where every fight is a fight to the end.",https://rumble.com/v4o3oeh-cock-fights-to-the-death-in-dr.html,rumble,"May 13, 2024",Dominican Republic,Carribean,"Documentary, Travel, Exploration, Culture, Social Issues"
Inside the Smuggling Tunnels of the Dominican Republic,"In the roughest neighborhood of the Dominican Republic, street fights are a brutal part of everyday life. This isn’t just about anger; it’s survival, respect, and a way to settle scores where the rules are raw and unforgiving. The intensity is palpable, with each fight revealing a reality that most people wouldn’t dare to face. This is the DR’s grittiest side, where life on the edge is a constant battle, and every confrontation holds the weight of survival. Get ready to see the streets of the Dominican Republic in their most unfiltered form.",https://rumble.com/v4xdbqz-street-fights-in-dominicans-most-dangerous-hood.html,rumble,"May 13, 2024",Dominican Republic,Carribean,"Religion, Crime, Travel, Humanisation, Danger"
Escaping Trinidad to Venezuela with my Brazilian Chick,"Escaping to Trinidad and then on to Venezuela with a Brazilian chick—this journey was anything but ordinary. Crossing borders, navigating risky paths, and facing the unexpected, every moment was charged with thrill and uncertainty. This wasn’t just a getaway; it was an adventure filled with intensity, close calls, and the kind of experiences you can’t script. From the vibrant streets of Trinidad to the raw edge of Venezuela, this trip tested our nerve and pushed us to the limit. Buckle up for a wild ride across borders.",https://rumble.com/v4updh0-escaping-to-trinidad-to-venezuela-with-my-brazilian-chick.html,rumble,"May 13, 2024",Venezuela,Latin America,"Adventure, Exploration, Travel, Social Issues, Religion"
Arab’s First Trip after the Kidnapping – FILTHY RICH,"On my first trip since the kidnapping, stepping back into the world felt surreal. This time, I’m diving into the world of the filthy rich, surrounded by luxury that’s worlds apart from what I just endured. It’s a stark contrast—going from survival mode to witnessing opulence on another level. Every encounter feels sharper, every moment more intense, as I navigate this high-stakes environment with a new perspective. This journey is about more than wealth; it’s a raw reminder of how quickly life can flip, from danger to decadence.",https://rumble.com/v51u886-arabs-first-trip-after-the-kidnapping-filthy-rich.html,rumble,"June 17, 2024",ARE,Dubai,"Adventure, Interviews, Travel, Danger, Documentary"
Skydiving w/Luke Belmar – FILTHY RICH #2,"Jumping out of a plane with Luke Belmar, we took on skydiving as more than just an adrenaline rush—it’s a test of guts and mindset. This isn’t just about the thrill; it’s about pushing limits, taking risks, and experiencing the freedom that comes from diving headfirst into the unknown. Being up there, freefalling, is like facing any high-stakes decision where you either go all in or don’t go at all. With Luke by my side, this jump wasn’t just an adventure—it was a lesson in living life on the edge.",https://rumble.com/v51yffo-skydiving-wluke-belmar-filthy-rich-2.html,rumble,"June 26, 2024",ARE,Dubai,"Interviews, Crime, Travel, Exploration, Adventure"
Inside the World’s Deadliest Racetrack [Extended Cut],"Welcome to the most dangerous racetrack in the world, where speed, risk, and adrenaline collide at every turn. This isn’t your average race—it’s a test of skill, guts, and survival, where the margin for error is razor-thin. The track is unforgiving, and the stakes are sky-high as drivers push their limits at breakneck speeds. From heart-stopping near-misses to intense moments of pure focus, this is racing in its rawest, most intense form. Get ready to witness the thrill and danger of the world’s most lethal racetrack up close.",https://rumble.com/v57ekrm-the-most-dangerous-racetrack-in-the-world.html,rumble,"July 20, 2024",Germany,Nurburgring,"Exploration, Religion, Travel, Interviews, Culture"
I Investigated Europe’s Zombie Train Station [Extended Cut],"Inside the drug addiction capital of Europe, the streets are a haunting reflection of a crisis that’s spiraled out of control. This isn’t just about addiction; it’s a brutal look at the human toll, where survival becomes the only focus. The people here live in a world where hope is hard to find, and every day is a struggle just to get by. From the dark corners of the city to the faces of those trapped in addiction, this is a raw, unfiltered look at the realities of one of Europe’s most devastating epidemics. Prepare for a journey through a world many choose to ignore.",https://rumble.com/v57en6p-inside-the-drug-addiction-capital-of-europe.html,rumble,"July 20, 2024",Germany,Frankfurt,"Social Issues, Danger, Documentary, Crime, Adventure"
The German City with NO LAWS,"In this German park, where drugs are legally sold and consumed, the boundaries of what’s acceptable are pushed to the extreme. It’s a surreal place where society’s usual rules don’t apply, and people walk freely through a haze of smoke, exploring the limits of freedom and addiction. This park isn’t just about legality—it’s about the culture that’s formed around it, where everything is laid bare in a mix of curiosity, chaos, and consequence. Step into a world where the line between freedom and danger blurs, revealing a side of society few ever experience.",https://rumble.com/v52p9i7-the-german-park-where-drugs-are-legal.html,rumble,"July 27, 2024",Germany,Berlin,"Adventure, Exploration, Interviews, Danger, Social Issues"
Arab Does Drugs in Amsterdam,"In Amsterdam, the rules are different, and the experience is raw and unfiltered. I took a deep dive into the city’s drug culture, where everything is on display, and freedom takes on a new meaning. This isn’t just about substances; it’s about seeing how people live within a system where drugs are normalized and regulated. From the calm streets to the chaos of the nightlife, Amsterdam’s drug scene tells a story of indulgence, consequences, and a unique sense of liberty. Get ready for an unfiltered look into a world that many only hear about.",https://rumble.com/v52oftq-arab-does-drugs-in-amsterdam.html,rumble,"July 27, 2024",Netherlands,Amsterdam,"Adventure, Humanisation, Exploration, Culture, Religion"
I Took SNEAKO to a Warzone [YouTube Cut],"I took Sneako to a warzone—an experience that pushed us both to the limits. This isn’t just about chaos; it’s about confronting the raw reality of conflict, danger, and survival. As we navigated through one of the world’s most volatile regions, we saw firsthand the resilience of the people who live through it every day. From the constant threat of violence to the unshakable spirit of those who endure, this journey showed us a side of the world most only see in the news. It’s raw, intense, and unforgettable.",https://rumble.com/v59pt69-i-took-sneako-to-a-warzone-youtube-cut.html,rumble,"August 6, 2024",Lebanon,Beirut,"Culture, Travel, Danger, Social Issues, Documentary"
Inside Portugal’s Most Dangerous Hood w/SNEAKO,"Inside Portugal’s most dangerous hood, Cova de Moura, life is lived on the edge. This isn’t a place for the faint of heart—it’s a raw, unfiltered world where survival comes first, and every corner hides a new challenge. From the intense tension in the streets to the resilience of the people who call it home, Cova de Moura shows what happens when poverty and struggle collide. It’s a world where danger is constant, and trust is hard to come by. Get ready for an eye-opening journey into one of Europe’s toughest neighborhoods.",https://rumble.com/v5c9qht-inside-portugals-most-dangerous-hood-cova-de-moura.html,rumble,"August 27, 2024",Portugal,Amadora,"Social Issues, Crime, Adventure, Danger, Humanisation"
Finding a Virgin Wife in Catholic Portugal,"In the heart of Catholic Europe, I set out on a journey to find a virgin wife, navigating the cultural complexities and traditions that define this deeply rooted society. It’s more than just a quest for love—it’s an exploration of values, expectations, and the intersection of faith and relationships in a place where history shapes everything. From old-world customs to modern-day challenges, this journey takes a closer look at what it means to search for purity in a world that’s changing fast. Get ready for an unfiltered dive into love, tradition, and faith in one of Europe’s most conservative regions.",https://rumble.com/v5cab3u-finding-a-virgin-wife-in-catholic-europe.html,rumble,"August 27, 2024",Portugal,-,"Exploration, Crime, Adventure, Culture, Social Issues"
Fighting a Homeless in Barcelona’s Barrios,"In one of Spain’s most dangerous neighborhoods, things took an unexpected turn when a crackhead tried to fight me. This is a place where survival is a daily struggle, and conflict is always on the horizon. The streets are filled with tension, desperation, and raw energy, where the line between calm and chaos is razor-thin. Every encounter feels like it could escalate, and this one was no different. It’s an unfiltered look at life in a tough part of Spain, where every moment holds the potential for danger, but also a glimpse into the resilience of those who live there.",https://rumble.com/v5cdaq9-crackhead-tries-to-fight-me-in-spains-dangerous-hood.html,rumble,"August 27, 2024",Spain,Barcelona,"Culture, Social Issues, Adventure, Religion, Exploration"
Solo in Spain’s Gothic Hoods,"Solo in Spain’s Gothic hoods, I found myself navigating the narrow, dark streets where history and danger collide. These neighborhoods are filled with hidden stories, ancient buildings, and a sense of isolation that feels almost alive. As I walked through the gothic maze, I encountered a side of Spain that most people never see—the raw energy, the tension, and the resilience of those who live in the shadows. It’s a world where every corner holds a mystery, and every step brings you closer to the gritty heart of the city. Get ready for a journey through Spain’s most intense and haunting neighborhoods.",https://rumble.com/v5ce977-solo-in-spains-gothic-hoods.html,rumble,"August 27, 2024",Spain,Barcelona,"Interviews, Social Issues, Humanisation, Religion, Culture"
1st Time Taking Shrooms w/Luke Belmar in Ibiza,"Taking shrooms with Luke Belmar, we stepped into a mind-bending experience where reality and perception collide. This isn’t just about the trip—it’s about exploring the depths of consciousness, questioning everything, and embracing a new perspective on life. With every moment, the world around us shifted, revealing new layers of thought and connection. Luke and I ventured deep into the psychedelic, challenging the way we see the world and ourselves. It’s a raw, unfiltered look at the power of psychedelics and the profound effects they can have on the mind.",https://rumble.com/v5ceksl-taking-shrooms-w-luke-belmar.html,rumble,"August 27, 2024",Spain,Ibiza,"Crime, Social Issues, Religion, Travel, Humanisation"
The Secret Knowledge Vortex the Elites are Hiding From You,"The Secret Knowledge Vortex—the elites are hiding something, and this journey takes you right to the heart of it. This isn’t just about conspiracy theories; it’s about uncovering the hidden truths that powerful people don’t want you to know. From ancient knowledge to modern-day secrets, this dive reveals the systems, agendas, and information that are kept from the public eye. The more we dig, the more we uncover—a world of hidden power, control, and manipulation. Get ready for an eye-opening journey into the knowledge they don’t want you to have.",https://rumble.com/v5cibjg-the-secret-knowledge-vortex-the-elites-are-hiding-from-you.html,rumble,"August 27, 2024",Spain,-,"Danger, Religion, Travel, Documentary, Interviews"
Avoiding Gunfire on Lebanon’s Border,"In Tripoli, Lebanon, the streets are filled with tension and danger, where gunfire can erupt at any moment. Avoiding it isn’t just about luck; it’s about understanding the pulse of the city and staying alert in a place where conflict is never far away. As I navigated through the chaos, the sounds of gunshots and the threat of violence were constant reminders of the harsh reality faced by the people living there. This is an unfiltered look at survival in a city on the edge, where every step could lead you into the line of fire.",https://rumble.com/v5cjc9t-avoiding-gunfire-in-tripoli-lebanon.html,rumble,"October 11, 2024",Lebanon,-,"Humanisation, Social Issues, Exploration, Culture, Religion"
I Spent a Day with Lebanon’s Religious ‘Extremists’ [UNCENSORED],"In Lebanon, a religious cult stands as a powerful force, protecting its own while influencing the course of the country’s future. This isn’t just about belief; it’s about a community that has woven itself into the fabric of Lebanon’s history, politics, and survival. From their secretive practices to their unwavering loyalty, this cult operates in the shadows, shaping the direction of a nation. This journey takes you inside their world, revealing the power structures, rituals, and secrets that keep them hidden yet influential. Get ready for an unfiltered look at a force that’s protecting Lebanon in ways most never see.",https://rumble.com/v5i9jq9-the-religious-cult-protecting-lebanon.html,rumble,"October 11, 2024",Lebanon,-,"Danger, Interviews, Documentary, Crime, Social Issues"
I Fought Triads in the Streets of Taiwan,"In the streets of Taiwan, I found myself face-to-face with the Triads, one of the most notorious crime syndicates in the world. This isn’t just a fight—it’s a battle for survival in a city where the underworld operates in the shadows, and every confrontation holds life-or-death stakes. From the adrenaline-pumping chaos to the raw intensity of the encounter, this is a real, unfiltered look at what it’s like when you’re caught in the crossfire of organized crime. The streets of Taiwan may seem peaceful, but beneath the surface, danger is never far away.",https://rumble.com/v5kjm9n-i-fought-triads-in-the-streets-of-taiwan.html,rumble,"October 30, 2024",Taiwan,-,"Religion, Culture, Crime, Interviews, Danger"
Hindu Guru Destroys Christianity,"In this encounter with a spiritual guru, the discussion takes a sharp turn as he challenges and deconstructs Christianity with bold arguments and deep philosophical insights. This isn’t just a debate; it’s an intense exploration of spiritual beliefs, where the guru’s perspective shakes the foundations of traditional Christian teachings. As we dive into the heart of his critique, it becomes clear that this is a clash of ideologies—where ancient wisdom confronts modern faith. Get ready for a thought-provoking look at religion, belief, and the power of questioning everything.",https://rumble.com/v5kkcij-spiritual-guru-destroys-christianity.html,rumble,"November 12, 2024",Nepal,Kathamandu,"Adventure, Religion, Danger, Social Issues, Exploration"
